/*
SQLyog Ultimate v12.4.3 (64 bit)
MySQL - 10.1.31-MariaDB : Database - dbkiddospark
*********************************************************************
*/

/*!40101 SET NAMES utf8 */;

/*!40101 SET SQL_MODE=''*/;

/*!40014 SET @OLD_UNIQUE_CHECKS=@@UNIQUE_CHECKS, UNIQUE_CHECKS=0 */;
/*!40014 SET @OLD_FOREIGN_KEY_CHECKS=@@FOREIGN_KEY_CHECKS, FOREIGN_KEY_CHECKS=0 */;
/*!40101 SET @OLD_SQL_MODE=@@SQL_MODE, SQL_MODE='NO_AUTO_VALUE_ON_ZERO' */;
/*!40111 SET @OLD_SQL_NOTES=@@SQL_NOTES, SQL_NOTES=0 */;
CREATE DATABASE /*!32312 IF NOT EXISTS*/`dbkiddospark` /*!40100 DEFAULT CHARACTER SET latin1 */;

USE `dbkiddospark`;

/*Table structure for table `tbl_artikel` */

DROP TABLE IF EXISTS `tbl_artikel`;

CREATE TABLE `tbl_artikel` (
  `id_artikel` int(11) NOT NULL AUTO_INCREMENT,
  `judul` varchar(200) NOT NULL,
  `isi` text NOT NULL,
  `gambar` varchar(200) NOT NULL,
  `tanggal` varchar(30) NOT NULL,
  `penulis` varchar(50) NOT NULL,
  `dibaca` varchar(10) NOT NULL,
  PRIMARY KEY (`id_artikel`)
) ENGINE=InnoDB AUTO_INCREMENT=16 DEFAULT CHARSET=latin1;

/*Data for the table `tbl_artikel` */

insert  into `tbl_artikel`(`id_artikel`,`judul`,`isi`,`gambar`,`tanggal`,`penulis`,`dibaca`) values 
(2,'Mengajari Berbagi Pada Anak','<p>Beberapa aktivitas menyenangkan ini&nbsp; bisa membantu Anda mengajarkan berbagi pada anak.</p><p>Mainan bergilir. Konsep bermain dengan suatu benda secara bergiliran lebih mudah dipahami anak balita daripada konsep berbagi mainan. Gunakan timer dan pasang dalam waktu singkat, misalnya 1-2 menit. Biarkan balita bermain suatu benda secara giliran dengan temannya. Dia akan membiarkan temannya bermain dengan benda tersebut karena dia tahu bahwa benda itu akan kembali padanya setelah waktu bermain temannya itu habis. Jangan lupa&nbsp; memuji anak, misalnya dengan mengatakan, “Wah, baik sekali kamu meminjamkan Nia bonekamu.” Jika tidak ada orang lain, jadikan diri Anda sebagai teman berbagi untuknya.</p><p>Bermain peran. Tunjukkan pada anak bahwa dengan mau berbagi dia mendapatkan jalinan pertemanan yang erat dan menyenangkan.</p><p>Dokter-dokteran. Ajak salah satu teman anak untuk bermain bersamanya. Jadikan boneka sebagai pasien yang harus dibawa ke rumah sakit. Minta si kecil berperan sebagai ibu si pasien untuk memberikan bonekanya&nbsp; pada temannya yang berperan sebagai dokter untuk diperiksa. Setelah selesai, minta temannya memberikan kembali boneka pada anak.</p><p>Bengkel mobil. Bila mainannya berupa mobil-mobilan, katakan pada anak jika mainannya ada kerusakan dan harus dibawa ke bengkel; minta dia memberikan mobilnya pada temannya yang berperan sebagai mekanik untuk dibetulkan. Setelah selesai, minta temannya untuk memberikan kembali mobil-mobilan itu pada si kecil.</p><p>Play date. Anak sering berkesempatan bermain bersama teman sebayanya akan banyak belajar tentang manfaat berbagi. Rancanglah play date, yakni kegiatan bermain bersama di suatu tempat yang sudah ditentukan. Waktunya jangan terlalu lama. Biarkan anak asyik bermain bersama teman-temannya. Awasi mereka dalam jarak tertentu.</p><p>Bermain di playground. Jadwalkan kunjungan rutin ke sebuah taman atau playground. Mainan-mainan di sana merupakan milik bersama sehingga situasinya mendukung anak untuk belajar berbagi. Namun jikakondisinya berubah, misalnya anak berebut mainan dengan anak lain, alihkan perhatiannya pada hal lain atau mengajaknya pulang. –bisa didrop</p><p>Menginap di tempat saudara. Sesekali, ajak anak menginap di rumah salah satu sepupunya yang sebaya. Balita berkesempatan belajar berbagi, misalnya berbagi makanan, mainan atau buku yang dia bawa dengan benda serupa milik sepupunya. Jika mungkin, biarkan mereka tidur satu tempat tidur.</p><p>Pinjam mainan atau buku. Setiap anak memiliki mainan yang sangat spesial&nbsp; dan ia tak ingin meminjamkannya pada orang lain. Jika Anda ingin mengajari anak berbagi dengan cara pinjam meminjam mainan atau buku dengan anak tetangga, pisahkan dahulu mainan spesial balita dalam sebuah kotak atau lemari tertutup sebelum temannya datang. Katakan pada anak&nbsp; bahwa mainan dalam kotak adalah mainan yang tidak ingin dia pinjamkan pada temannya. Sebaliknya, mainan di luar kotak adalah mainan yang anak tak keberatan&nbsp; meminjamkannya pada teman.&nbsp;&nbsp;</p><p>Peduli Musibah. Anak bisa belajar memberi perhatian dan berbagi pada orang lain ketika Anda mengajaknya berpartisipasi membantu masyarakat yang tertimpa musibah dengan, misalnya:</p><p>Menyumbangkan sebagian uang jajan atau uang pemberian orang (angpao), baju, baju seragam atau buku bekas layak pakai, alat tulis, serta mainan yang bersifat mendidik pada beberapa badan atau yayasan amal.</p><p>Mengikutsertakan anak saat membagikan sumbangan tersebut, jika kondisi memungkinkan. Selain bisa&nbsp; merangsang kepekaan si kecil dalam menghayati dan&nbsp; memahami perasaan orang lain yang tertimpa&nbsp; musibah, Anda juga dapat menjelaskan dan mengajarkan padanya bagaimana sebaiknya ia bersikap kala menghadapi orang yang sedang tertimpa musibah.</p><p>sumber : http://www.ayahbunda.co.id/Artikel/Tips/Balita/mengajarkan.balita.berbagi/001/005/1235/3</p>','berbagi.jpg','07-February-2019, 13:46:46','Admin','13'),
(3,'Manfaat Pendidikan Anak Usia Dini (PAUD) bagi Si Kecil','<p>Pendidikan adalah salah satu kebutuhan dasar anak. Dewasa ini kesadaran masyarakat akan pentingnya pendidikan semakin meningkat. Hal ini dikarenakan pendidikan dibutuhkan untuk mencapai cita-cita dan untuk menghadapi persaingan hidup di masa depan. Kesadaran orangtua akan pentingnya pendidikan anak sejak dini mendorong orangtua untuk mengikutsertakan anaknya yang masih balita dalam kelas pendidikan anak usia dini (PAUD). Apa manfaat pendidikan anak usia dini bagi anak? Berikut beberapa manfaat dari pendidikan anak usia dini bagi si kecil.</p><h4>1. Meningkatkan Keterampilan Sosial dan Emosional</h4><p>&nbsp; &nbsp; &nbsp;Pendidikan anak usia dini memfasilitasi anak mendapatkan lingkungan sosial yang sesuai untuknya. &nbsp;Di sini ia dapat berinteraksi dengan lebih banyak teman sebaya sehingga meningkatkan keterampilan sosial dan emosional. Interaksi dengan teman-temannya akan mendorong ia untuk belajar berkomunikasi dan mengungkapkan perasaan.</p><h4>2. Meningkatkan Keterampilan Berbicara dan Berbahasa</h4><p>&nbsp; &nbsp; &nbsp; Anak akan diajarkan untuk bicara dengan bahasa formal saat di dalam kelas. Guru juga akan memberikan bimbingan mengenai cara berbicara yang baik dan sopan. Beberapa aktivitas seperti bermain dan bernyanyi juga bermanfaat menambah kosa kata anak. Hal ini akan meningkatkan keterampilan berbicara dan berbahasa.</p>','budak.jpg','21-March-2019, 20:32:24','Admin','31'),
(4,'Ini Alasan Mengapa Usia 7 Tahun  Masuk SD','<p>Usia 7 tahun, atau minimal 6 tahun, merupakan usia tepat anak masuk jenjang Sekolah Dasar.</p><p>Selain kemampuan intelektual, kesiapan mental anak juga harus dipertimbangkan dalam aktivitas kegiatan belajar di SD. Itu yang menjadi dasar pertimbangan peraturan 7 tahun masuk SD.</p><p>Banyak orangtua protes pada Panitia Penerimaan Siswa Baru (PPDB) karena anak tidak bisa diterima di SD dengan alasan usia kurang dari 7 tahun. Alasan orangtua, merasa anak sudah mampu baca tulis dan berhitung.</p><p>Tetapi apakah secara mental atau psikologis anak sudah siap?</p><p>Pada usia 5-6 tahun masih dalam tahap mengembangkan keterampilan sosial dan motorik atau gerak. Sedangkan untuk mulai belajar di kelas 1 SD anak harus sudah bisa serius mengikuti pelajaran dalam waktu cukup lama dan dalam ruang yang terbatas.</p><p>Dikutip dari Sahabat Keluarga Kementerian Pendidikan dan Kebudayaan (Kemendikbud) ini 4 alasan mengapa usia masuk SD ditetapkan 7 tahun minimal 6 tahun:</p><p>1. Aspek Fisik</p><p>Pada usia 7 tahun, anak dianggap paling siap secara fisik. Untuk diam di kelas sampai siang. Gerakan motorik anak sudah lebih bagus, otot dan sarafnya juga sudah terbentuk.</p><p>Untuk memegang pensil misalnya, anak sudah lebih mampu jika harus menulis sendiri tanpa bantuan orang dewasa. Sementara usia kurang dari 6 tahun terkadang belum siap, karena anak-anak usia ini masih suka bermain.</p><p>2. Aspek Psikologis</p><p>Dalam teori perkembangan, anak mulai bisa berkonsentrasi dengan baik pada usia di atas 6 tahun. Semakin bertambah usianya, kemampuan konsentrasi meningkat, semakin mampu memilah materi mana yang harus diperhatikan dan yang harus diabaikan.</p>','3869123213.jpg','23-March-2019, 23:15:05','Admin','80'),
(5,'Pentingnya Keterlibatan Orang Tua dalam Pendidikan Anak','<p>Peran orang tua dalam perkembangan anak sangat krusial.Berbagai penelitian menunjukkan bahwa pencapaian pelajar meningkat &nbsp;jika orang tua mengambil peran aktif dalam pendidikan anak-anak mereka.Salah satunya ditunjukkan oleh hasil penelitian Harvard Family Research Project\'s(HFRP) yang memperlihatkan bahwa keterlibatan orangtua memiliki kaitan erat dengan hasil prestasi anak.Penemuan ini terlihat secara konsisten pada indikasi-indikasi kesuksesan anak,apakah itu nilai, skor tes yang memiliki standar, atau metode pengukuran lain termasuk penilaian guru.</p><p>Itulah sebabnya sekolah yang baik adalah sekolah yang memberikan tempat bagi orangtua untuk ikut terlibat dalam pendidikan anak-anak mereka.Bagaimana orangtua anak &nbsp;melibatkan diri adalah faktor kunci dalam meningkatkan prestasi anak dan juga menjaga kedewasaan mentalnya.</p><p>Riset yang dimuat di CSU Bakerfield menjelaskan bahwa pelajar kemungkinan besar akan lebih termotivasi untuk mendapatkan nilai sempurna di sekolah,berperilaku lebih baik, dan punya keterampilan sosial jiak orang tuanya secara aktif berperan serta mendukung anaknya di sekolah.</p><p>Hal yang dapat orangtua lakukan antara lain :</p><ol><li>Ikut dalam forum orang tua di sekolah</li><li>Mendukung anak saat ada kunjungan ke lapangan atau ekstrakulikuler</li><li>Memastikan anak punya tempat yang kondusif untuk belajar dan mengerjakan PR</li><li>Membantu anak mengerjakn PR</li><li>Berkomunikasi dengan guru secara proaktif</li><li>Mengobrol dengan anak tentang kegiatan mereka sehari-hari di sekolah.</li></ol><p>Terakhir,agar lebih lengkap keterlibatan anda sebagai orangtua, pastikan pendidikan anak telah dipersiapkan dengan baik.Misalnya,dengan merencanakan dana pendidikan mereka sedii mungkin.Dengan begitu,anak lebih terlindungi dalam meraih cita-citanya dan mendapatkan masa depan yang lebih baik.</p><p>&nbsp;</p><p>sumber : https//axa.co.id/inspirasi/pentingnya-keterlibatan-orang-tua-dalam-pendidikan-anak-2/</p>','keluarga.PNG','07-April-2019, 23:24','Admin','20'),
(6,'Manfaat Pendidikan Jasmani  di Sekolah untuk Anak','<p>Pendidikan jasmani di sekolah akan membantu anak tumbuh menjadi individu yang aktif dan sehat.Tidak hanya bagi orang dewasa olahraga juga memiliki manfaat bagi anak.Pendidikan jasmani sebagai bagian integral dari pendidikan akan membantu para siswa untuk dapat menjalani proses pertumbuhan dan perkembangan secara optimal baik fisik, motorik, mental, dan sosial.</p><p>Selain menunjang proses pertumbuhan dan perkembangannyan aktivitas fisik juga sangat berguna bagi kesehatan &nbsp;mental.Oleh sebab itu, hampir setiap sekolah memiliki pendidikan jasmani dan kesehatan sebagai bagian dari kurikulum pendidikannya.Apa saja manfaat pendidikan jasmani disekolah bagi anak?</p><p>1).Memenuhi Kebutuhan ruang gerak anak</p><p>&nbsp; &nbsp;Pendidikan jasmani merupakan dunia anak-anak dan sesuai dengan kebutuhan mereka.DI dalamnya,anak-anak dapat belajar sambil bergembira melalui &nbsp; &nbsp; &nbsp; &nbsp; &nbsp; &nbsp; &nbsp; &nbsp; &nbsp; &nbsp; penyaluran hasratnya &nbsp;untuk bergerak apalagi ditunjang dengan penggunaan peralatan.Selain itu,pada dasarnya anak-anak sedang mengalami masa &nbsp; &nbsp; &nbsp; &nbsp; &nbsp; &nbsp; &nbsp; &nbsp; &nbsp; &nbsp; &nbsp; &nbsp; &nbsp; kelebihan energi .Kelebihan energi ini perlu disalurkan agar tidak mengganggu perilaku dan mental anak.Segera setelah kelebihan energi ini tersalurkan, anak &nbsp; &nbsp; &nbsp; &nbsp; &nbsp; &nbsp; akan kembali memperoleh keseimbangan dirinya karena setelah istirahat anak akan kembali memperbarui dan memulihkan energinya secara optimal.</p><p>2).Memiliki otot dan tulang yang lebih kuat</p><p>&nbsp; &nbsp;Pendidikan jasmani mendukung anak untuk memilih aktivitas fisik yang disukai nya dan melakukannya secara rutin.Membiasakan anak untuk berolahraga &nbsp; &nbsp; &nbsp; &nbsp; &nbsp; &nbsp; &nbsp; &nbsp; &nbsp; dapat membantu pembentukan otot dan tulang anak akan menjadi lebih maksimal.Hal ini dapat menunjang pertumbuhan dan perkembangan anak.</p><p>3).Mencegah terjadinya obesitas</p><p>&nbsp; &nbsp; Pendidikan jasmani dapat membantu menjaga agar berat badan anak tetap ideal,sesuai dengan tahap pertumbuhannya.</p><p>4).Menurunkan resiko terjadinya diabetes tipe 2 dan hipertensi</p><p>5).Meningkatkan kreativitas</p><p>&nbsp;</p><p>Pendidikan jasmani di sekolah punya banyak sekal manfaat untuk anak.Dengan adanya berbagai pilihan olahraga,permainan,serta metode pengajaran yang tepat, anak-anak diharapkan akan mampu tumbuh dan berkembang secara optimal baik secara fisik,motorik,mental,dan sosial.Sebuah paket lengkap yang akan membawa manfaat besar untuk anak!</p><p>Sumber : https://m.klikdokter.com/info-sehat/read/3250699/manfaat-pendidikan-jasmani-di-sekolah-untuk-anak</p>','senam.PNG','07-April-2019, 23:43','Admin','26'),
(7,'Biarkan Anak Tumbuh Sesuai Usianya','<p>Berbicara tentang tahap tumbuh-kembang anak terbagi menjadi beberapa fase.Pertama, usia anak 0 bulan sampai 2 tahun. Ini adalah fase paling membutuhkan stimulasi motorik,karena pada fase ini anak akan banyak melalui kemampuan-kemampuan motorik kasar seperti tengkurap,duduk,merangkak,dan berjalan.Setelah 2 tahun,fase menuju fokus stimulus bahasa dengan tujuan interaksi dan komunikasi sebagai persiapan menuju usia 3 tahun ,yaitu fase interaksi dan sosialisasi.Pada fase ini,anak sudah mengerti keberadaan teman.Memasuki usia 4 tahun,anak berada dalam kemandirian.Disini anak mulai diperkenalkan aturan kemandirian dan tanggung jawab,misalnya memakai sepatu dan makan sendiri.Sedangkan pada usia 5 tahun,anak dipersiapkan memasuki sekolah dasar,tetapi tidak bersifat memaksa.Fase berikutnya adalah usia 6 tahun,yaitu anak mulai melakukan pendidikan formal.Pada usia ini sudah ada aturan yang jelas,yaitu belajar di dalam kelas dan tidak lagi banyak main-main walaupun masih ada sisi bermainnya.</p><p><strong>Belum saatnya</strong></p><p>Kondisi yang terjadi saat ini adalah banyaknya anak usia taman kanak-kanak sudah diajarkan membaca,menulis,dan menghitung.Tentunya jika hal ini dipaksakan, tidak akan efektif dan pasti akan ada efeknya mengingat anak pada usia prasekolah akan optimal jika diberi stimulasi atau rangsangan motorik dan bahasa sesuai fase tumbuh kembang anak.Saat ini banyak kasus efek dari anak diperkenalkan calistung pada usia dini.Misalnya anak mogok sekolah,cepa merasa bosan, dan kurang konsentrasi belajar.</p><p>Anak belum mempunyai kesiapan mental walau secara daya pikir anak usia 3 tahun pun bisa untuk diajari membaca dengan penuh semangat.Idealnya,kembalikan hak anak pada situasi yang sesuai dengan kondisi psikis anak, yaitu jika memang seharusnya membaca itu diajarkan di kelas 1 SD.Perlu atau tidak anak mengikuti kegiatan prasekolah disesuaikan dengan kondisi dan keadaan.Anak yang tinggal di lingkungan yang banyak anak kecil seusianya dan mereka bisa bermain, tidak perlu ikut prasekolah seperti kelompok bermain atau TK A,Sementar,TK B agak penting karena cenderung memberi pengenalan dan persiapan untuk memasuki SD.</p><p><strong>Problematika anak</strong></p><p>Masalah anak yang paling umum ditemui adalah konsentrasi sebagai kemampuan dasar yang harus dimiliki ketika anak memasuki SD.Selanjutnya,mengenai hal taat aturan.Anak-anak membutuhkan latihan yang diberikan sejak usia 3 tahun agar mereka terbiasa dengan aturan.Masalah lain adalah kesulitan belajar.Tetapi,ini bentuknya lebih organis karena menyangkut gangguan pada fungsi otak.Anak yang mempunyai masalah ini dapat diatasi dengan perlakuan yang sesuai dengan diagnosisnya.</p><p><strong>Gambaran Ideal</strong></p><p>Denerasi emas adalah generasi yang optimal,tanggap,serta mendapatkan stimulasi sesuai perkembangan dan kemampuannya,baik perkembangna fisik maupun psikisnya.Tidak akan efektif jika memberikan stimulasi sesuai usianya.</p><p>Peran guru (prasekolah) adalah memperkenalka sesuatu kepada anak dan menjadi jembatan.Hal ini mengingat,bahwa usia prasekolah tahap bepikirnya adalah tahap konkrit,dimana segala sesuatu itu harus ada contohnya.Misalnya memericontoh cara menyusun buku,membereskan mainan,dan lain sebagainya.Selain itu, guru juga perlu memahami usia perkembangan anak sebagai pedoman untuk membuat kurikulum.</p><p>&nbsp;</p><p>Sumber : https://edukasi.kompas.com/read/2013/10/14/1618542/Ingat.Efeknya.Biarkan.Anak.Tumbuh.Sesuai.Usianya.</p>','imageas.jpg','14-April-2019, 13:26','Admin','3'),
(8,'Permainan Tradisional Anak-anak','<p>Permainan tradisional anak-anak&nbsp; Indonesia kini mulai ditinggalkan. Boleh dibilang permainan anak&nbsp; tersebut kini jarang atau bahkan tidak dikenal lagi oleh anak-anak. Karena anak-anak sekarang hampir seluruhnya telah terbius oleh permainan elektronik yang umumnya dimainkan di dalam rumah.</p><p>Kemajuan teknologi permainan anak-anak dan komputer serta berkurangnya lahan terbuka telah mengubah pola bermain anak-anak.&nbsp; Apalagi anak-anak masa kini yang mulai disebut generasi native digital, tentu sudah sangat jarang mengenal permainan tradisional.</p><p>Padahal jika kita pelajari secara kejiwaan, permainan anak-anak&nbsp; tempo dulu sarat dan kaya akan unsur imajinasi, kerjasama dan pertemanan yang berpotensi membentuk kepedulian sosial, kepekaan sosial dan kecerdasan bagi sang anak. Berikut adalah beberapa permainan tradisional anak-anak tempo dulu yang sangat digemari :</p><p>BOLA BEKEL</p><p>Permainan bola bekel atau dalam bahasa Jawa, permainan ini biasa disebut bekelan adalah permainan dengan alat yang terbuat dari bahan karet berukuran bola pingpong. Anak bola bisa berupa kulit lokan atau logam yang sudah dibentuk dengan ukuran tertentu. Anak bola biasanya berjumlah genap, yaitu 4, 6, atau 8. Permainan bola bekel digemari oleh anak perempuan. Cara memainkannya adalah, anak bola digenggam menjadi satu, kemudian bola dilempar dulu setinggi 30 cm. Setelah bola turun dan memantul, anak bola dilepas dalam posisi acak. Anak bola kemudian diambil satu per satu, dua-dua, tiga-tiga dan seterusnya sampai habis.</p><p>CONGKLAK</p><p>Permainan congklak dilakukan oleh dua orang. Dalam permainan mereka menggunakan papan yang dinamakan papan congklak dan 98 (14 x 7) buah biji yang dinamakan biji congklak atau buah congklak .&nbsp;</p><p>GATRIK</p><p>Permainan dimainkan oleh dua orang atau dua regu yang beranggotakan beberapa orang. Alat yang dimainkan adalah tongkat pemukul terbuat dari kayu dan potongan kayu sepanjang seperempat tongkat pemukul, yang biasa disebut anak gatrik. Anak gatrik diletakkan dilubang miring dan sempit dengan setengah panjangnya menyembul di permukaan tanah.</p><p>Ujung anak gatrik dipukul dengan tongkat pemukul. Anak gatrik kembali dipukul sejauh-jauhnya ketika terlontar ke udara. Bila anak gatrik tertangkap lawan, permainan dinyatakan kalah. Bila tidak tertangkap, jarak antara lubang dan tempat jatuhnya dihitung untuk menentukan pemenangnya.</p><p>PERMAINAN BENTENG</p><p>Permainan Benteng adalah permainan yang dimainkan oleh dua grup, masing- masing terdiri dari 4 sampai dengan 8 orang. Masing-masing grup memilih suatu tempat sebagai markas, biasanya sebuah tiang, batu atau pilar sebagai benteng.</p><p>Tujuan utama permainan ini adalah untuk menyerang dan mengambil alih benteng lawan dengan menyentuh tiang atau pilar yang telah dipilih oleh lawan dan meneriakkan kata benteng. Kemenangan juga bisa diraih dengan menawan seluruh anggota lawan dengan menyentuh tubuh mereka. Untuk menentukan siapa yang berhak menjadi penawan dan yang tertawan ditentukan dari waktu terakhir saat si penawan atau tertawan menyentuh benteng mereka masing- masing.</p><p>GALAH ASIN</p><p>Galah Asin atau di daerah lain disebut Galasin atau Gobak Sodor adalah sejenis permainan daerah dari Indonesia. Permainan ini adalah sebuah permainan grup yang terdiri dari dua grup, di mana masing-masing tim terdiri dari 3- 5 orang. Inti permainannya adalah menghadang lawan agar tidak bisa lolos melewati garis ke baris terakhir secara bolak-balik dan untuk meraih kemenangan seluruh anggota grup harus secara lengkap melakukan proses bolak-balik dalam area lapangan yang telah ditentukan.</p><p>Permainan ini biasanya dimainkan di lapangan bulu tangkis dengan acuan garis-garis yang ada atau bisa juga dengan menggunakan lapangan segiempat dengan ukuran 9 x 4 m yang dibagi menjadi 6 bagian. Garis batas dari setiap bagian biasanya diberi tanda dengan kapur dan anggota grup yang mendapat giliran untuk menjaga lapangan ini terbagi dua, yaitu anggota grup yang menjaga garis batas horisontal dan garis batas vertikal.</p><p>Bagi anggota grup yang mendapatkan tugas menjaga garis batas horisontal, akan berusaha untuk menghalangi lawan yang juga berusaha untuk melewati garis batas yang sudah ditentukan sebagai garis batas bebas.Bagi anggota grup yang mendapatkan tugas untuk menjaga garis batas vertikal (umumnya hanya satu orang), maka orang ini mempunyai akses untuk keseluruhan garis batas vertikal yang terletak di tengah lapangan. Permainan ini sangat mengasyikkan sekaligus sangat sulit karena setiap orang harus selalu berjaga dan berlari secepat mungkin jika diperlukan untuk meraih kemenangan.</p><p>PERMAINAN LOMPAT TALI (LOMPAT KARET)</p><p>Permainan lompat tali adalah permainan yang menyerupai tali yang disusun dari karet gelang, permainan tersebut merupakan permainan yang terbilang sangat populer sekitar tahun 70-an sampai 80-an, saat “keluar main” di sekolah dan setelah mandi sore di rumah.</p><p>Sederhana tapi bermanfaat, bisa dijadikan sarana bermain sekaligus olahraga. Tali yang digunakan terbuat dari jalinan karet gelang yang banyak terdapat di sekitar kita. Cara bermainnya bisa dilakukan perorangan atau kelompok, jika hanya bermain seorang diri biasanya anak akan mengikatkan tali pada tiang atau apa pun yang memungkinkan lalu melompatinya. Jika bermain secara berkelompok biasanya melibatkan minimal tiga anak, dua anak akan memegang ujung tali, satu dibagian kiri, satu lagi dibagian kanan, sementara anak yang lainnya mendapat giliran untuk melompati tali.</p><p>Tali direntangkan dengan ketinggian bergradasi, dari paling rendah hingga paling tinggi. Yang pandai melompat tinggi, dialah yang keluar sebagai pemenang. Sementara yang kalah akan berganti posisi menjadi pemegang tali.</p><p>Sumber : http://sayangianak.com/permainan-anak-permainan-tradisional-anak-anak-indonesia/</p>','mainananakok.jpg','14-April-2019, 17:19','Admin','2'),
(9,'Pendidikan Karakter Untuk Membangun Peradaban Bangsa','<p>Pendidikan adalah hal yang sangat dianggap penting di dunia, karena dunia butuh akan orang-orang yang berpendidikan agar dapat membangun Negara yang maju. Tapi selain itu karakter pun sangat diutamakan karena orang-orang pada zaman ini tidak hanya melihat pada betapa tinggi pendidikan ataupun gelar yang telah ia raih, melainkan juga pada karakter dari pribadi dari setiap orang.</p><p>Proses pendidikan di sekolah masih banyak yang mementingkan aspek kognitifnya ketimbang psikomotoriknya, masih banyak guru-guru di setiap sekolah yang hanya asal mengajar saja agar terlihat formalitasnya, tanpa mengajarkan bagaimana etika-etika yang baik yang harus dilakukan.</p><p>Di dalam buku tentang Kecerdasan Ganda (Multiple Intelligences), Daniel Goleman menjelaskan&nbsp; kepada kita bahwa kecerdasan emosional dan sosial dalam kehidupan diperlukan 80%, sementara kecerdasan intelektual hanyalah 20% saja. Dalam hal inilah maka pendidikan karakter diperlukan untuk membangun kehidupan yang lebih baik dan beradab, bukan kehidupan yang justru dipenuhi dengan perilaku biadab. Maka terpikirlah oleh para cerdik pandai tentang apa yang dikenal dengan pendidikan karakter (character education).</p><p>Banyak pilarkarakter yang harus kita tanamkan kepada anak – anak penerus bangsa, diantaranya adalah kejujuran, yah kejujuran adalah hal yang paling pertama harus kita tanamkan pada diri kita maupun anak – anak penerus bangsa karena kejujuran adalah benteng dari semuanya, Demikian juga ada pilarkarakter tentang keadilan, karena&nbsp; seperti yang dapat kita lihat banyak sekali ketidakadilan khususnya di Negara ini. Selain itu harus ditanamkan juga pilarkarakter seperti rasa hormat. Hormat kepada siapapun itu, contohnya adik kelas mempunyai rasa hormat kepada kakak kelasnya, dan kakak kelasnya pun menyayangi adik – adik kelasnya, begitu juga dengan teman seangkatan rasa saling menghargai harus ada dalam diri setiap murid -&nbsp; murid agar terciptanya dunia pendidikan yang tidak ramai akan tawuran.</p><p>Sekarang mulai banyak sekolah – sekolah di Indonesia yang mengajarkan pendidikan karakter&nbsp; menjadi mata pelajaran khusus di sekolah tersebut. Mereka diajarkan bagaimana cara bersifat terhadap orang tua, guru –guru ataupun lingkungan tempat hidup.</p><p>Mudah – mudahan dengan diterapkannnya pendidikan karakter di sekolah semua potensi kecerdasan anak –anak akan dilandisi oleh karakter – karakter yang dapat membawa mereka menjadi orang – orang yang diharapkan sebagai penerus bangsa. Bebas dari korupsi, ketidakadilan dan lainnya. Dan makin menjadi bangsa yang berpegang teguh kepada karakter yang kuat dan beradab. Walaupun mendidik karakter tidak semudah membalikan telapak tangan, oleh karena itu ajarkanlah kepada anak bangsa pendidikan karakter sejak saat ini.</p><p>&nbsp;</p><p>Sumber : Sumber: http://www.artikelbagus.com/2012/03/artikel-pendidikan-karakter.html</p>','Pendidikan+Karakter.jpg','15-April-2019, 08:52','Admin','1'),
(10,'Menumbuhkan Semangat Belajar  Pada Anak','<p>Semua manusia sejatinya adalah seorang pembelajar tetapi masalahnya kita secara tak sadar, sering memberikan perlakuan tak menyenangkan ketika anak belajar atau mungkin kita sewaktu kecil pernah mendapat stimulasi tidak menyenangkan semasa kecil. Contohnya saat anak kecil berumur sekitar setahun, mereka biasanya ingin memasukan semua barang ke dalam mulutnya. Yang sering terjadi adalah orang tua melarang si anak secara verbal sambil menarik barang tersebut. Ini bisa dikategorikan perilaku tidak menyenangkan bagi si anak. Lalu ketika anak sedang belajar berjalan, banyak larangan dari pihak orang tua atau pengasuh. Padahal ini adalah proses belajar si anak untuk mengisi informasi di otaknya.</p><p>Ketika sudah mulai berbicara dan banyak bertanya, jawaban yang didapatkan mungkin tidak mengenakan untuk anak. Bisa jadi ini karena faktor kelelahan saat mengasuh atau capek memberikan penjelasan yang berulang-ulang. Saat melihat barang baru di rumah dan anak ingin mengetahui lebih dekat dan memegangnya, orang-orang dewasa di sekelilingnya malah menjauhkan barang tersebut karena takut rusak atau mencederai anak. Dari seluruh contoh tadi, apakah yang membuat anak malas belajar?</p><p>Lalu ada seorang anak laki-laki berusia 9 tahun, sebut saja Andi. Orangtuanya mengeluhkan anaknya yang tidak suka belajar dan sudah mendapat peringatan dari gurunya. Namun ketika ditanya tentang hobinya, Andi dengan sigap menjawab hobinya adalah sepak bola, dan tim kegemarannya adalah Arsenal. Bahkan ia hafal seluruh pemain inti dan pemain cadangan. Siapa pelatih dan assistennya, nomor punggung pemain, tanggal ulang tahun serta daftar pencetak gol, pemberi assist dan poin klasemen liga beserta urutannya. Luar biasa bukan? Ini menunjukan tidak ada masalah dengan otak Andi. Masalahnya datang dari sumber yang lain.</p><p>Mengapa ada anak yang kalau untuk poelajaran otaknya seolah tidak berfungsi tetapi bisa hafal semua hal penting tentang klub idolanya. Anak ini tentu tidak bodoh malah bisa disebut pandai. Hanya saja perlakuan yang didapat Andi membuat dia malas belajar. Lalu apa yang harus dilakukan orang tua supaya anak mudah belajar? Tahap pertama perbaikan adalah dari orang tuanya terlebih dulu. Untuk anak sekecil itu, orang tua memegang peranan penting dalam masa tumbuh kembang anak serta membantu sekali untuk mengatasi masalah anak. Lalu komunikasi dengan cinta dalam setiap didikannya.</p><p>Seorang pakar pendidikan, Timothy Wibowo, memberikan beberapa kiat supaya anak bisa menjadi rajin dan mudah belajar di sekolah. Berikut tipsnya:</p><ol><li>Saat anak pulang sekolah, tanyakan apa saja hal menyenangkan hari itu. Otomatis anak akan mencari hal-hal menyenangkan di sekolah dan secera tidak langsung membentuk mindset anak bahwa sekolah adalah tempat yang menyenangkan.</li><li>Ketika anak tidur masukan sugesti positif dengan mengatakan bahwa belajar adalah hal menyenangkan. Belajar sama menyenangkannya dengan bermain atau berhitung dan menghafal itu sangat mudah. Ini salah satu bentuk hypnosleep positif pada anak.</li><li>Jelaskan guna materi pelajaran yang sedang dikerjakan. Sesuaikan penjelasan dengan materi anak, misalnya dengan belajar perkalian, maka anak dapat menghitung jumlah koleksi mainannya atau menghitung sendiri harga action figure di sebuah supermarket dan membandingkannya dengan harga di mall lain. Atau jika mahir bahasa Jepang maka menonton anime tak perlu menggunakan subtitle dan dapat membaca komik aslinya yang langsung yang berbahasa Jepang.</li></ol><p>Masih banyak tips lainnya untuk membuat anak bersemangat dalam belajarnya. Intinya adalah kerjasama berbagai pihak dalam menyuntikan rasa percaya diri untuk anak dalam batas wajar. Apabila berlebihan maka akan jadi seperti tindakan yang kelewat memanjakan anak dan itu akan berakibat tidak baik. Jika anak sudah semangat belajar maka setengah pertandingan sudah dimenangkan.</p><p>&nbsp;</p><p>Sumber : http://9wiki.net/contoh-artikel-pendidikan/</p>','anak.jpg','15-April-2019, 08:55','Admin','2'),
(11,'Kanker yang Mengancam Nyawa Anak-Anak','<p>Kanker kerap diasosiasikan dengan umur dan gaya hidup yang buruk. Tapi ternyata kanker juga banyak terjadi pada anak-anak, bahkan bayi.</p><p><strong>Kanker Anak Meningkat Setiap Tahunnya</strong></p><p>Data WHO pada 2012 menyebutkan ada 14 juta kasus baru dan 8,2 juta kematian terkait kanker. Kanker pada anak memang terhitung langka, kemunculannya kurang dari 1 persen dari seluruh penderita.</p><p>Tapi meski persentasenya kecil, jumlahnya tak bisa dianggap enteng, Menurut YKAKI, di Indonesia diperkirakan ada 4.100 kasus baru kanker anak. Di Jakarta saja ada 650 kasus baru.</p><p>Kanker yang paling banyak dijumpai pada anak-anak adalah kanker darah atau leukemia sebanyak 25-30 persen, disusul oleh retinoblastoma (kanker retina mata), limfoma (kanker kelenjar getah bening), neuroblastoma (kanker saraf), kanker ginjal (tumor Wilms), rabdomiosarkoma (kanker otot lurik), dan osteosarkoma (kanker tulang).</p><p>Dari sekian banyak jenis kanker pada anak, baru satu jenis kanker yang mempunyai alat deteksi dini, yaitu kanker bola mata (retinoblastoma). Hingga kini, kanker pada anak belum diketahui penyebabnya.</p><p>Menurut Pusat Data dan Informasi Kementrian Kesehatan RI (Infodatin), ada banyak penyebab kanker, di antaranya faktor genetik, faktor karsinogen, radiasi, virus, hormon, dan iritasi kronis. Juga faktor perilaku/gaya hidup seperti merokok, pola makan yang tidak sehat dan dominasi makanan cepat saji, konsumsi alkohol, dan kurangnya aktivitas fisik.</p><p>Masih dari sumber yang sama, dr. Edi Setiawan Tehuteru, Sp.A(K), MHA menjelaskan adanya perbedaan antara kanker pada anak dan orang dewasa. Salah satunya: kanker pada anak tidak dapat dicegah seperti halnya kanker pada orang dewasa.</p><p>Jadi, tidak ada istilah pencegahan kanker pada anak, melainkan mewaspadai gejala kanker pada anak yang tidak lain harus dilakukan oleh orang tua.</p><p>Mengacu pada pernyataan di atas, sebagian orang tua tentu bertanya-tanya tentang apakah masih ada gunanya mengajarkan pola hidup sehat kepada anak-anak. Jawabannya: pola hidup sehat tetap harus diajarkan kepada anak-anak sedini mungkin. Tujuannya bukan untuk mencegah kanker pada anak, namun untuk mencegah kanker yang dapat timbul saat anak dewasa.</p><p>Mengacu pada data yang diperoleh dari Rumah Sakit Kanker Dharmais pada tahun 2014, ada sekira 50 persen pasien datang dalam keadaan stadium lanjut. Salah satu sebabnya adalah orangtua yang kurang pengetahuan soal kanker anak. Inilah pentingnya penyuluhan pada orangtua, agar mereka dapat mengetahui dan mengenali gejala-gejala yang harus diwaspadai pada anak.</p><p><strong>Kanker Pada Anak Bisa disembuhkan</strong></p><p>Menurut dr. Endang Widiastuti, Sp.A., kanker tidak mengenal usia. Muda atau tua, bahkan bayi baru lahir pun sudah bisa terserang kanker. \"Bayi baru lahir sudah terkena kanker kira-kira angkanya mencapai 4 persen,\" ujar dokter yang kesehariannya bekerja di RS. Cipto Mangunkusumo tersebut.</p><p>Kemudian, dr. Endang menjelaskan bahwa kanker anak terbagi ke dalam 2 jenis, yaitu kanker padat dan kanker darah. Solid dan nonsolid. Solid tumor atau tumor padat yaitu tumor yang terjadi akibat terbentuknya benjolan yang padat contohnya adalah kanker hati, kanker payudara, kanker paru-paru, dan salah satunya kanker tulang yang kerap menimbulkan pembengkakan.</p><p>Tumor nonsolid adalah kanker yang tidak membentuk benjolan yang padat. Kanker ini terjadi pada cairan-cairan tubuh seperti darah dan getah bening. Contoh paling umum adalah kanker darah atau leukemia, yaitu kelainan pada sel darah putih yang berbentuk seperti bulan sabit. Serta limfoma, yakni kanker yang terjadi pada kelenjar getah bening (limfosit).</p><p>Sejauh ini, kanker yang paling banyak diderita anak adalah kanker nonsolid, yakni leukemia. Angkanya mencapai 60 persen. Penyebab apa yang membuat seorang anak terserang kanker? Banyak faktor, jawab Endang. Bisa genetik, infeksi virus, atau kelainan sejak lahir, dan bawaan lingkungan.</p><p>\"Jadi banyak sekali ya kalau bicara penyebab. Yang terpenting adalah pengetahuan akan penyakit kanker itu sendiri,\" katanya.</p><p>Lebih lanjut, Endang menjelaskan bahwa kanker, termasuk yang terjadi pada anak, bisa diobati. Syaratnya: “Semakin cepat terdeteksi, semakin mudah kami mengobati.\"</p><p>Sumber : https://tirto.id/kanker-yang-mengancam-nyawa-anak-anak-caYL</p>','TIRTOID-InfografikKankerAnakUsiaDini.jpg','15-April-2019, 13:38','Admin','10'),
(12,'Perhatikan Jajanan Anak Anda di Sekolah','<p>Pendidikan nutrisi dan keamanan pangan anak penting diajarkan oleh guru dan orangtua di rumah.</p><p><strong>Peranan Guru</strong></p><p>Dalam sehari, anak-anak bisa menghabiskan waktu 5-8 jam berada di sekolah. Maka, anak-anak di sekolah punya banyak kesempatan untuk jajan makanan sembarangan. Namun, di saat yang sama, sekolah juga jadi wahana bagi anak untuk makan makanan dengan gizi baik. Maka guru memegang peranan penting dalam edukasi gizi siswa di sekolah.</p><p>Penelitian untuk mengetahui gizi pada makanan anak dilakukan Cora Best, dkk, dalam Food and Nutrition Bulletin volume 31 no. 3 (2010). Mereka meneliti status gizi anak usia 6 sampai 12 tahun dari 76 negara di Amerika Latin, Afrika, Asia, dan kawasan Mediterania Timur. Hasilnya, terdapat 10 persen anak usia sekolah yang memiliki berat badan di bawah normal.</p><p>Selanjutnya, prevalensi anemia sedang ditemukan pada lebih dari 20 persen anak dan anemia berat pada lebih dari 40 persen anak. Sebanyak 20-30 persen anak mengalami mikronutrien karena kekurangan zat besi, yodium, magnesium, dan vitamin A. Terakhir, prevalensi kelebihan berat badan tertinggi berada di Amerika Latin sebanyak 20 persen sampai 35 persen. Sementara itu, di Afrika, Asia, dan Mediterania Timur, prevalensi kelebihan berat badan umumnya di bawah 15 persen.</p><p>SEAMEO RECFON, pusat gajian gizi regional ASEAN, juga melakukan penelitian tentang profil kantin di Sekolah Dasar Senen, Jakarta pada tahun 2015. Mereka menemukan makanan instan menjadi mayoritas jajanan yang dijual, dan kebanyakan penjual tak peduli masalah kebersihannya.</p><p>Tak hanya itu, jajanan yang diteliti juga mengandung formalin sebanyak 77,6 persen dan cyclamate 77,6 persen. Formalin biasa digunakan sebagai bahan perekat kayu lapis, desinfektan, dan pengawet mayat atau sel organisme lain. Sedang, cyclamate adalah pemanis buatan yang memiliki tingkat kemanisan mencapai 30 hingga 50 kali rasa manis dari gula alami.</p><p>Sayangnya, untuk menanamkan sadar gizi kepada siswa, para guru terkendala pengetahuan dan ketrampilan. Selain itu, materi ajar dan alat bantu siap pakai juga kurang memadai. Padahal, penelitian oleh Wiradnyani, dkk dalam Attitude and Readlines of Elementary School Teachers, menyatakan mayoritas guru sebanyak 63,8 persen merasa memiliki pengetahuan yang cukup tentang nutrisi.</p><p>Namun, hanya sepertiga dari mereka yang benar-benar memiliki pengetahuan yang baik. Selain itu, sebanyak 53,5 persen dari mereka menganggap pemahaman gizi dan keamanan pangan kurang optimal dilakukan di sekolahan. Sebanyak 50 persen aturan di sekolah juga tak mendukung edukasi nutrisi, dan jajanan tidak bergizi yang dijual, terlalu banyak beredar, sebanyak 63,6 persen.</p><p>“Para guru berpikir, orangtualah yang punya andil lebih karena kebiasaan makan berasal dari keluarga,” kata Dwi.</p><p>Padahal, jika orangtua dan pihak sekolah sama-sama melek pendidikan nutrisi, penyakit-penyakit akibat kontaminasi makanan buruk gizi pada anak bisa diminimalisasi.</p><p>Reporter: Aditya Widya Putri</p><p>Penulis: Aditya Widya Putri</p><p>Editor: Maulida Sri Handayani</p><p>Sumber : https://tirto.id/perhatikan-jajanan-anak-anda-di-sekolah-cuw8</p>','tirto_id-antarafoto-jelang-hari-bawa-bekal-nasional-110417-adm-5_ratio-16x9.JPG','15-April-2019, 13:40','Admin','9'),
(13,'Bimbel: Antara Kebutuhan, Pemborosan, dan Gaya Hidup','<p>Lembaga Bimbingan Belajar atau LBB, lebih dikenal dengan bimbel, merupakan kenyataan yang hadir dan ada di dalam sistem pendidikan&nbsp; di Indonesia, yang tidak bisa dihilangkan dan memang tidak perlu dihilangkan. Karena sesungguhnya bimbel ini hadir karena ada kebutuhan masyarakat di bidang layanan pendidikan.</p><p>Keberadaan lembaga bimbel ini seakan melengkapi kebutuhan yang tidak bisa dipenuhi oleh lembaga pendidikan formal yang menjadi keharusan bagi setiap anak yang bersekolah, karena menjadi instrumen hukum formal bagi anak-anak untuk mendapatkan sertifikat atau ijazah yang dibutuhkan untuk berbagai kepentingan.</p><p>Harus diakui bahwa kehadiran bimbel merupakan indikator kuat lemahnya sistem pendidikan formal yang ditawarkan oleh pemerintah melalui kementerian dan departemen terkait. Artinya, lembaga pendidikan formal, mulai dari PAUD, TK, SD, SMP, SMU, hingga Perguruan Tinggi, pada dasarnya belum mampu untuk mengisi seluruh kualifikasi yang dituntut untuk berjalannya sistem pendidikan formal itu.Ini memperlihatkan belum efektifnya sistem pendidikan nasional di Indonesia. Yang terjadi adalah terpisah-pisah, terkotak-kotaknya setiap bagian dalam sistem pendidikan yang ada. Tidak saling menyambung dan membutuhkan.</p><p>Perlukah anak-anak diikutkan pada bimbel? Mengapa harus dan mengapa tidak harus.</p><p>apabila sistem pendidikan formal berjalan dengan baik dan benar, maka harusnya anak-anak tidak perlu diikutkan di bimbel. Karena kualikasi lulusan sekolah harusnya sudah dipastikan sesuai dengan kebutuhan pada level yang lebih tinggi saat anak-anak masuk ke sana.</p><p>Tetapi, problemnya di situ. Sistem kegiatan belajar mengajar di sekolah formal tidak berjalan dengan baik sehingga kualitasnya tidak sesuai harapan. Faktor penyebabnya, tentu sangat banyak, saling tali temali dan seperti benang kusut. Tentu tak semua sekolah mengalami itu, karena ada beberap sekolah yang juga sangat bermutu sehingga anak-anaknya tak perlu lagi ikut bimbel.</p><p>Kalau demikian, orangtua dan anak-anak, menjadi pergumulan ketika anak-anak harus memikirkan kelanjutan belajarnya ke level yang lebih tinggi. Dan untuk mengisi kelemahan itu, bimbel menjadi jawaban atas kebutuhan itu.</p><p>Bagaimana dengan biayanya, apakah bimbel itu mahal? Jawabannya adalah tergantung dan tidak selalu. Tetapi hukum pasar berlaku. Hasil yang baik dan berkualitas pasti harganya cenderung mahal. Begitu juga sebaliknya akan murah kalau kualitasnya rendah. Saya pikir ini sangat wajar dalam hukum ekonomi dan hukum pasar.Melihat dan mengamati kenyataannya, pada umumnya orangtua akan berusaha untuk mengikutkan anak-anaknya untuk bimbel, walaupun secara ekonomi tidak memadai, tetapi orangtua akan berusaha untuk mencari dana tambahan bagi masa depan anak-anaknya.</p><p>Mengapa harus demikian? Karena persaingan pada level pendidikan&nbsp; yang lebih tinggi sangat menyeramkan. Lihat saja misalnya untuk mencari SMP bagi lulusan SD, atau mencari SMU bagi lulusan SMP, bisa saja berdarah-darah mencari yang terbaik. Kalau orangtua tidak mempersiapkan dengan baik, bisa-bisa anaknya terlempar di tempat yang bermutu.</p><p>Belum lagi dengan keinginan orangtua agar anak-anaknya bisa masuk perguruan tinggi terbaik di negeri ini. Persaingannya sangat super ketat, karena yang diterima sedikit sementara yang mendaftar membludak.</p><p>Jawaban dari semua kegelisahan ini adalah bimbel. Anak-anak harus ikut bimbel untuk mengurangi kegalauan dan ketegangan orangtua dalam memilih sekolah yang lebih tinggi dan lebih baik.</p><p>Dalam praktik, yang sering terjadi adalah bimbel menjadi gaya hidup keluarga-keluarga tertentu. Artinya, sebenarnya anak-anaknya tidak perlu ikut bimbel karena sekolahnya bagus, hasil studinya bagus. Tetapi karena memiliki sumber daya yang lebih banyak, memiliki kekuatan keuangan yang baik, maka anak-anak harus ikut bimbel.</p><p>Sebetulnya, di bagian inilah jasa bimbel itu sering terasa menjadi mahal bagi banyak keluarga. Karena penyedia jasa menggunakan patokan orang-orang kaya untuk menentukan harga jasa bimbelnya.</p><p>Sumber : https://www.kompasiana.com/yupiter/5caef9643ba7f708885cd883/anak-ikut-bimbel-antara-kebutuhan-pemborosan-dan-gaya-hidup</p>','log.jpg','15-April-2019, 13:47','Admin','18'),
(14,'Sekolah yang Berkualitas Akankah Hanya untuk Siswa yang Berkualitas Pula?','<p>Pendidikan, menjadi salah satu sektor perhatian utama pada sebuah negara. Tentu saja, karena pendidikan akan mencerminkan kualitas bangsa dari suatu negara, oleh sebab itu banyak negara-negara di dunia ini&nbsp; berlomba-lomba meningkatkan kualitas dan taraf pendidikannya. Dapat dikatakan bahwa bangsa yang maju atau tidaknya akan terlihat dari bagaimana terselenggaranya pendidikan dinegara tersebut.</p><p>Di Negara kita contohnya, pendidikan menjadi PR dari tahun ketahun untuk diselesaikan. Masih sangat terlihat masih adanya kesenjangan antara lembaga pendidikan (biasanya antara sekolah ngeri dan swasta ), kesenjangan yang ada ternyata bukan hanya terlihat antara lembaga&nbsp; pendidikan saja, melaikan juga pada siswa yang ada pada masing-masing sekolah/lembaga pendidikan tersebut.</p><p>Pada sekolah yang mempunyai fasilitas sarana prasarana yang memadai serta dengan pendidik yang profesional akan cenderung dihuni oleh siswa-siswa&nbsp; dengan yang berbakat baik pada bidang akademik maupun non akademik, sedangkan bagaimana untuk sekolah yang dikatakan grade nya lebih dibawah?</p><p>Bukan rahasia lagi memang pendaftaran untuk sekolah negeri biasanya dibanjiri oleh siswa, sehingga untuk mensiasatinya sekolah menerapkan sistem seleksi untuk menjaring siswanya, sehingga siswa yang mempunyai kelebihan dibidang akademik dan non akademik akan otomatis berpeluang besar lolosa dalam seleksi sekolah. Untuk siswa yang tidak memenuhi kriteria akan otomatis memdaftar ke sekolah lain yang gradenya lebih dibawahnya. Nah bagaimana bagi siswa yang mempunyai tingkat kecerdasan sedikit lebih dibawah tetapi ingin tetap medapatkan kulaitas pendidikan yang layak?</p><p>Jika kita rasionalkan, akan terlihat bahwa sekolah yang berkualitas hanya untuk siswa yang bisa dikatakan lebih berkualitas pula, sedangkan untuk siswa yang biasa-bisa saja, hanya akan masuk pada sekolah yang juga biasa. Nah, pantas saja jikalau sekolah yamg dikatakan maju dan berprestasi akan semakin maju dan berkembang pesat karena memang siswanya yang diterima memang anak-anak yang berprestasi, sementara untuk siswanya juga akan semakin berkembang pesat karena memang&nbsp; lingkungannya juga sangat mendukung baik itu dari teman maupun keadaan sekolahnya, sementara untuk siswa yang biasa-biasa saja tentunya akan kesulitan untuk mengimbangi sisiwa yang ada disekolah maju, ataupun potensi yang ia miliki bisa saja kurang begitu tereksplor dengan maksimal.</p><p>Terlihat biasa memang, tapi, jika kita perhatikan dengan seksama akan terlihat kesenjangan yang terjadi, bahwa tujuan pendidikan yakni \"Membentuk Manusia yang seutuhnya\" serta prinsip EFA \"Education For All\" akankah bisa terlaksanan dengan baik jika hal seperti ini masih diterapkan?</p><p>Sumber : https://www.kompasiana.com/mohrizalky18190002/5cabc3b63ba7f76b1073ac29/sekolah-yang-berkualitas-akankah-hanya-untuk-siswa-yang-berkualitas-pula</p>','sekolah-aman-di-pedalaman-ntt-on65ud-prv-5cabf1b53ba7f76757547b23.jpg','15-April-2019, 13:48','Admin','7'),
(15,'Pendidikan Usia dini Berguna bagi Pematangan Sosial dan Emosional Anak','<p>Perkembangan anak usia dini sangat penting dipelajari oleh setiap orang tua agar kelak pertumbuhan anak-anak mereka bisa maksimal baik secara fisik maupun secara psikologi. Ini adalah saat ketika otak mereka mulai dengan tumbuh berkembang dan menanggapi jutaan potongan informasi yang datang kepada&nbsp; mereka. Maka segala sesuatu yang datang kepada mereka adalah hal yang baru untuk dipelajari dan dipahami .Selama tahun-tahun awal kehidupan seorang anak,banyak yang sangat berbeda dibandingkan dengan orang dewasa . Ini adalah periode dalam kehidupan mereka ketika pondasi moral, harga diri, berbicara, visi dunia, dan berjalan, ditetapkan.</p><p>Selain itu, tahun-tahun awal juga penting untuk pengembangan perilaku kecerdasan, kepribadian, dan sosial. Jika kemampuan dasar tertentu tidak diterapkan dengan baik dari awal perkembangan mereka, akan ada kerusakan neurologis,serta potensi belajar anak dapat terkena dampak negatif.</p><p>Pendidikan anak usia dini juga didasarkan pada apa yang seringkali disebut lima domain yang saling terkait perkembangan anak yaitu :</p><p><strong>Sosial</strong></p><p>Mengacu pada kemampuan untuk bekerja sama dan berbagi, membuat hubungan jangka panjang, atau bermain dengan orang lain.</p><p><strong>Fisik</strong></p><p>Pengembangan keterampilan motorik halus atau kecil dan kotor atau besar.</p><p><strong>Emosional</strong></p><p>Menghadapi dan memahami perasaan sementara pada saat yang sama mengembangkan kesadaran diri dan kepercayaan diri.</p><p><strong>Kreatif</strong></p><p>Mengacu pada kemampuan khusus yang dihasilkan dalam penciptaan bakat tertentu seperti seni, musik, membaca, bernyanyi, dan menulis.</p><p><strong>Elektual</strong></p><p>Proses dimana anak belajar bagaimana memahami dunia di sekitar mereka.</p><p>Pendidikan anak usia dini umumnya mencakup delapan tahun pertama dalam kehidupan individual seoarang anak. Pendidikan yang diberikan selama tahun-tahun kehidupan anak memainkan peran yang sangat penting dan membantu dalam pengembangan yang tepat dari mereka. Pendidikan anak usia dini dapat fundamental disebut sebagai belajar melalui bermain. Penelitian terbaru telah menunjukkan bahwa awal delapan tahun dalam setiap kehidupan anak-anak adalah waktu yang penting karena pada tahap ini otak mereka berkembang .</p><p>Pendidikan anak usia dini adalah fase penting dalam kehidupan dalam hal intelektual perkembangan anak, emosional dan sosial. Selain itu, titik paling penting untuk diketahui adalah bahwa pertumbuhan kemampuan mental dengan kecepatan tinggi dan proporsi yang tepat terjadi selama periode ini.</p><p>Setiap anak belajar kebiasaan dan pola bentuk yang tidak mudah berubah dalam beberapa hal. Kurangnya interaksi orang tua pada anak usia dini dapat berdampak negatif terhadap perkembangan anak. Pada akhirnya itu adalah tanggung jawab yang sama dari orang tua dan tutor untuk menjamin anak-anak memiliki pendidikan anak usia dini yang baik yang dapat lebih membantu mereka mengembangkan kepribadian mereka.</p><p>Pembelajaran anak usia dini dapat menjadi bagian indah dari pendidikan anak Anda, sehingga menempatkan sebanyak mungkin agar memberi anak anda start terbaik dalam hidup dengan memilih fasilitas kualitas dari pusat penitipan anak yang tersedia di lingkungan Anda.</p><p>Sebagai penutup, pendidikan anak usia dini juga memainkan peran penting dalam aspek psikososial tertentu termasuk perkembangan kognitif, emosional, dan sosial. Empat tahap perkembangan kognitif meliputi sensorimotor, pra-operasional, operasional konkrit, dan formal operasional tahap. Keempat tahap span dari bayi sampai usia 12 dan seterusnya.Jadi tidak ada salahnya kita pertimbangkan apakah pendidikan usia dini diperlukan oleh anak –anak kita atau tidak.</p><p>Sumber : https://doktersehat.com/pendidikan-usia-dini-berguna-bagi-pematangan-sosial-dan-emosional-anak/</p>','2837503976.JPG','15-April-2019, 13:51','Admin','8');

/*Table structure for table `tbl_jenisvideo` */

DROP TABLE IF EXISTS `tbl_jenisvideo`;

CREATE TABLE `tbl_jenisvideo` (
  `id_jevi` int(11) NOT NULL AUTO_INCREMENT,
  `jenis_video` varchar(100) NOT NULL,
  PRIMARY KEY (`id_jevi`)
) ENGINE=InnoDB AUTO_INCREMENT=6 DEFAULT CHARSET=latin1;

/*Data for the table `tbl_jenisvideo` */

insert  into `tbl_jenisvideo`(`id_jevi`,`jenis_video`) values 
(2,'Lagu Anak'),
(3,'Kisah Teladan'),
(5,'Mapel Sekolah Dasar');

/*Table structure for table `tbl_kategori` */

DROP TABLE IF EXISTS `tbl_kategori`;

CREATE TABLE `tbl_kategori` (
  `id_kategori` int(11) NOT NULL AUTO_INCREMENT,
  `nama_kategori` varchar(50) NOT NULL,
  PRIMARY KEY (`id_kategori`)
) ENGINE=InnoDB AUTO_INCREMENT=19 DEFAULT CHARSET=latin1;

/*Data for the table `tbl_kategori` */

insert  into `tbl_kategori`(`id_kategori`,`nama_kategori`) values 
(16,'Usia7-8tahun'),
(17,'Usia9-10tahun'),
(18,'usia11-12tahun');

/*Table structure for table `tbl_komentar` */

DROP TABLE IF EXISTS `tbl_komentar`;

CREATE TABLE `tbl_komentar` (
  `id_komentar` int(11) NOT NULL AUTO_INCREMENT,
  `nama` varchar(200) NOT NULL,
  `email` varchar(200) NOT NULL,
  `komentar` text NOT NULL,
  `tanggal` timestamp NOT NULL DEFAULT CURRENT_TIMESTAMP ON UPDATE CURRENT_TIMESTAMP,
  PRIMARY KEY (`id_komentar`)
) ENGINE=InnoDB AUTO_INCREMENT=7 DEFAULT CHARSET=latin1;

/*Data for the table `tbl_komentar` */

insert  into `tbl_komentar`(`id_komentar`,`nama`,`email`,`komentar`,`tanggal`) values 
(6,'Arrafi','Arrafi@gmail.com','Asyik','2019-04-15 18:22:39');

/*Table structure for table `tbl_slider` */

DROP TABLE IF EXISTS `tbl_slider`;

CREATE TABLE `tbl_slider` (
  `id_slider` int(11) NOT NULL AUTO_INCREMENT,
  `tittle` varchar(200) NOT NULL,
  `description` text NOT NULL,
  `gambar` varchar(200) NOT NULL,
  `status` int(2) NOT NULL,
  PRIMARY KEY (`id_slider`)
) ENGINE=InnoDB AUTO_INCREMENT=24 DEFAULT CHARSET=latin1;

/*Data for the table `tbl_slider` */

insert  into `tbl_slider`(`id_slider`,`tittle`,`description`,`gambar`,`status`) values 
(2,'Kiddospark','<p>Artikel-Edukasi-Video-Pendidikan</p>','5.jpg',1),
(3,'Kiddospark','<p>Belajar Sambil Bermain</p>','log.jpg',1),
(4,'Tittle Ketiga','<p>Lorem ipsum dolor sit amet, consectetur adipisicing elit, sed do eiusmod tempor incididunt ut labore et dolore magna aliqua. Ut enim ad minim veniam, quis nostrud exercitation ullamco laboris nisi ut aliquip ex ea commodo consequat. Duis aute irure dolor in reprehenderit in voluptate velit esse cillum dolore eu fugiat nulla pariatur.Excepteur sint occaecat cupidatat non proident, sunt in culpa qui officia deserunt mollit anim id est laborum. Sed ut perspiciatis unde omnis iste natus error sit voluptatem accusantium doloremque laudantium, totam rem aperiam, eaque ipsa quae ab illo inventore veritatis et quasi architecto beatae vitae dicta sunt explicabo.Nemo enim ipsam voluptatem quia voluptas sit aspernatur aut odit aut fugit, sed quia consequuntur magni dolores eos qui ratione voluptatem sequi nesciunt.Neque porro quisquam est, qui dolorem ipsum quia dolor sit amet, consectetur, adipisci velit, sed quia non numquam eius modi tempora incidunt ut labore et dolore magnam aliquam quaerat voluptatem.</p>','anak.jpg',0),
(21,'Kiddospark','<p>Tempat terbaik untuk hiburan dan pembelajaran</p>','2.jpg',1),
(22,'adf111','<p>qqqqqqqqqqqqqq</p>','berhitung1-10.PNG',1),
(23,'Kiddospark','<p>Selamat Datang di Halaman Website Kiddospark</p>','2.jpg',1);

/*Table structure for table `tbl_tentangkami` */

DROP TABLE IF EXISTS `tbl_tentangkami`;

CREATE TABLE `tbl_tentangkami` (
  `id_teka` int(11) NOT NULL AUTO_INCREMENT,
  `judul` varchar(100) NOT NULL,
  `deskripsi` text NOT NULL,
  `alamat` varchar(200) NOT NULL,
  `email` varchar(200) NOT NULL,
  `phone` bigint(15) NOT NULL,
  PRIMARY KEY (`id_teka`)
) ENGINE=InnoDB AUTO_INCREMENT=2 DEFAULT CHARSET=latin1;

/*Data for the table `tbl_tentangkami` */

insert  into `tbl_tentangkami`(`id_teka`,`judul`,`deskripsi`,`alamat`,`email`,`phone`) values 
(1,'Kiddospark','<p>Website Edukasi Kiddospark adalah sebuah website yang menyediakan konten-konten video edukasi dan artikel edukasi</p>','Kota Bandung Provinsi Jawa Barat Indonesia','kiddospark@gmail.com',2214073012);

/*Table structure for table `tbl_user` */

DROP TABLE IF EXISTS `tbl_user`;

CREATE TABLE `tbl_user` (
  `id_user` int(9) NOT NULL AUTO_INCREMENT,
  `nama_user` varchar(50) NOT NULL,
  `level` varchar(30) NOT NULL,
  `email` varchar(100) NOT NULL,
  `username` varchar(30) NOT NULL,
  `password` text NOT NULL,
  `foto` varchar(250) NOT NULL,
  `last_login` varchar(100) NOT NULL,
  `jenkel` enum('Laki-laki','Perempuan') NOT NULL,
  `tgl_lahir` date NOT NULL,
  PRIMARY KEY (`id_user`),
  UNIQUE KEY `email` (`email`)
) ENGINE=InnoDB AUTO_INCREMENT=12 DEFAULT CHARSET=latin1;

/*Data for the table `tbl_user` */

insert  into `tbl_user`(`id_user`,`nama_user`,`level`,`email`,`username`,`password`,`foto`,`last_login`,`jenkel`,`tgl_lahir`) values 
(7,'Wiki Achmad','Admin','wiki77dk@gmail.com','wiki','d54b7ba27571a2f00b38ed9273b974f2','IMG-20181003-WA0022.jpg','30-April-2019, 11:55:21','','2000-12-30'),
(8,'M.arrafi','Pengunjung','arrafi@gmail.com','arrafi','b08d0f72c4cb69dfb456aac984a4a406','IMG-20181021-WA0000.jpg','29-April-2019, 09:57:55','Laki-laki','2019-03-03'),
(9,'Ferly','Pengunjung','ferly@gmail.com','ferly','53c0c9e0419ef78ea0c32250eef6b2e6','imageas.jpg','01-April-2019, 09:19:35','Laki-laki','2004-10-20'),
(10,'Doni Ardhita','Admin','doni@gmail.com','doni','2da9cd653f63c010b6d6c5a5ad73fe32','berbagi.jpg','01-April-2019, 09:22:29','','2001-12-21'),
(11,'Bevan','Pengunjung','Bevan@gmail.com','bevan','16c58ec6945ba020bed67088469decb8','anak.jpg','21-April-2019, 13:27:51','Laki-laki','2001-01-20');

/*Table structure for table `tbl_video` */

DROP TABLE IF EXISTS `tbl_video`;

CREATE TABLE `tbl_video` (
  `id_video` int(5) NOT NULL AUTO_INCREMENT,
  `kode_video` varchar(20) NOT NULL,
  `kategori_id` int(11) NOT NULL,
  `jevi_id` int(11) NOT NULL,
  `judul` varchar(200) NOT NULL,
  `video` longblob NOT NULL,
  `cover` varchar(200) NOT NULL,
  `keterangan` text NOT NULL,
  `dilihat` varchar(10) NOT NULL,
  PRIMARY KEY (`id_video`)
) ENGINE=InnoDB AUTO_INCREMENT=30 DEFAULT CHARSET=latin1;

/*Data for the table `tbl_video` */

insert  into `tbl_video`(`id_video`,`kode_video`,`kategori_id`,`jevi_id`,`judul`,`video`,`cover`,`keterangan`,`dilihat`) values 
(14,'VID00001',16,2,'Lihat Kebunku','LihatKebunku.mp4','lihatkebunku.PNG','<p>Ini adalah lagu untuk anak</p>','15'),
(15,'VID00002',16,2,'Berhitung 1-10','Berhitung1-10.mp4','berhitung1-10.PNG','<p>Ayo kita belajar berhitung 1-10</p>','6'),
(16,'VID00003',16,3,'Syamil dan Dodo-Do\'a dan Shalat','doadanshalat.mp4','shalat.PNG','<p>kosong</p>','9'),
(17,'VID00004',17,3,'Syamil dan Dodo - Penerima Zakat','SyamilDodo(PenerimaZakat).mp4','penerimazakat.PNG','<p>&nbsp;</p>','6'),
(18,'VID00005',18,5,'Faktorisasi Prima','Kelas_06-Matematika-FaktorisasiPrima-VideoPelajaranSekolahK13.mp4','fakprima.PNG','<p>Sumber : pendidikan.id Video Pendidikan Indonesia</p>','10'),
(19,'VID00006',17,5,'Pentingnya Menjaga Kelestarian','Kela_04-BahasaIndonesia-PentingnyaMenjagaKelestarian-VideoPelaja.mp4','lestari.PNG','<p>Sumber : www.pendidikan.id</p>','4'),
(20,'VID00007',17,5,'Penjumlahan Pecahan Soal Cerita','Kelas03-Matematika-MemahamiPenjumlahanPecahandalamSoalCerita-Vi.mp4','kls3pec.PNG','<p>Sumber : www.Pendidikan.id</p>','3'),
(21,'VID00008',18,5,'Hak dan Kewajiban','Kelas5-PPKn-HakdanKewajiban-VideoPendidikanIndonesia.mp4','kls5hak.PNG','<p>Sumber : www.Pendidikan.id</p><p>Materi Kelas 5 Semester 1 Pembelajaran 3 Pendidikan Pancasila dan Kewarganegaraan Kurikulum 2013 Edisi Revisi 2017</p><p>Dalam pembelajaran ini kita akan mempelajari Hak dan Kewajiban kita sebagai warga negara baik di lingkungan masyarakat,lingkungan keluarga,maupun lingkungan sekolah</p>','12'),
(22,'VID00009',18,5,'Memahami Makna Q.S.Al-Kafirun','alkafirun.mp4','surah.PNG','<p>Materi Kelas 6 Semester 1 Pendidikan Agama Islam Kurikulum 2013 Edisi Revisi 2018</p><p>Pelajaran 1 Indahnya Saling Menghormati</p><p>Dalam pelajaran 1 ini kita akan mempelajari Q.S.Al-Kafirun dan artinya, Orang tua hendaknya mendampingi atau memantau putra-putrinya belajar, sehingga putra/putrinya mendapat arahan yang memadai di luar kelas. Dengan demikian dalam diri anak terbangun pengetahuan, sikap positif dan keterampilan membaca, menulis dan memahami ayat-ayat al-Qur’an.&nbsp;</p>','16'),
(23,'VID00010',16,3,'Syamil dan Dodo - Sifat-Sifat Allah','SifatsifatAllah.mp4','sifat2allah.PNG','<p>&nbsp;</p>','15'),
(24,'VID00011',18,5,'Organ Pernapasan Manusia','Kelas5IPAOrganPernapasanManusiaVideoPendidikanIndonesia.mp4','organpernpsan.PNG','<p>Kelas 5 Semester 1 IPA Organ Pernapasan Manusia</p><p>Sumber : www.pendidikan.id</p>','7'),
(25,'VID00012',16,5,'Kasih Sayang','Kelas2-Pend_AgamaIslam-KasihSayang-VideoPendidikanIndonesia.mp4','kashsayng.PNG','<p>Kelas 2 Bab 10 Semester 1 Pendidikan Agama Islam Kasih Sayang</p><p>Sumber : http://pendidikan.id</p>','1'),
(26,'VID00013',16,5,'Nilai Tempat Bilangan','Kelas1-Tematik-NilaiTempatBilangan-VideoPendidikanIndonesia.mp4','ntb.PNG','<p>Kelas 1 Semester 1 Tematik Nilai Tempat Bilangan</p><p>Sumber : http://pendidikan.id</p>','2'),
(27,'VID00014',18,5,'Peran Indonesia di ASEAN','PKNKelas6Semester2PerandiAsiaTenggara2.mp4','asean.PNG','<p>Kelas 6 Semester 2 Peran Indonesia di Asia Tenggara</p><p>Sumber : ...... Belajar</p>','2'),
(28,'VID00015',17,5,'Luas dan Keliling Persegi','Kelas4-Matematika-LuasKelilingPersegi-VideoPendidikanIndonesia.mp4','persegi.PNG','<p>Kelas 4 Semester 1 Tema 4 Berbagai Pekerjaan Mapel Matematika Luas dan Keliling Persegi</p><p>Sumber : http://pendidikan.id</p>','3'),
(29,'VID00016',16,5,'Perkalian','MatematikaKelas2Semester2Perkalian.mp4','perxan.PNG','<p>Kelas 2 Semester 2 Perkalian</p><p>Sumber :&nbsp;</p>','7');

/*!40101 SET SQL_MODE=@OLD_SQL_MODE */;
/*!40014 SET FOREIGN_KEY_CHECKS=@OLD_FOREIGN_KEY_CHECKS */;
/*!40014 SET UNIQUE_CHECKS=@OLD_UNIQUE_CHECKS */;
/*!40111 SET SQL_NOTES=@OLD_SQL_NOTES */;
